{
  "metrics": {
    "http_req_waiting": {
      "type": "trend",
      "contains": "time",
      "values": {
        "p(95)": 8284.2406414,
        "avg": 6883.442369122449,
        "min": 889.614493,
        "med": 7574.849938,
        "max": 8451.294791,
        "p(90)": 8054.1569848
      }
    },
    "data_received": {
      "type": "counter",
      "contains": "data",
      "values": {
        "rate": 13044.704725920396,
        "count": 486309
      }
    },
    "http_req_receiving": {
      "type": "trend",
      "contains": "time",
      "values": {
        "avg": 0.17974212244897958,
        "min": 0.082914,
        "med": 0.173922,
        "max": 0.532896,
        "p(90)": 0.23411640000000003,
        "p(95)": 0.26334039999999986
      }
    },
    "http_req_failed": {
      "type": "rate",
      "contains": "default",
      "values": {
        "rate": 0,
        "passes": 0,
        "fails": 49
      },
      "thresholds": {
        "rate<0.1": {
          "ok": true
        }
      }
    },
    "http_req_sending": {
      "type": "trend",
      "contains": "time",
      "values": {
        "max": 0.327796,
        "p(90)": 0.09149440000000003,
        "p(95)": 0.11458799999999988,
        "avg": 0.0440450612244898,
        "min": 0.011837,
        "med": 0.029138
      }
    },
    "response_time": {
      "values": {
        "avg": 6868.46511627907,
        "min": 891,
        "med": 7686,
        "max": 8452,
        "p(90)": 8111.8,
        "p(95)": 8320
      },
      "type": "trend",
      "contains": "default"
    },
    "data_sent": {
      "type": "counter",
      "contains": "data",
      "values": {
        "count": 5686,
        "rate": 152.52070406178657
      }
    },
    "http_req_duration": {
      "type": "trend",
      "contains": "time",
      "values": {
        "avg": 6883.6661563061225,
        "min": 890.193448,
        "med": 7575.339252,
        "max": 8451.480049,
        "p(90)": 8054.3316438,
        "p(95)": 8284.393903999999
      },
      "thresholds": {
        "p(95)<300": {
          "ok": false
        }
      }
    },
    "iteration_duration": {
      "values": {
        "avg": 7947.162555395349,
        "min": 994.509136,
        "med": 7820.108795,
        "max": 15071.899709,
        "p(90)": 11229.541432000005,
        "p(95)": 14626.626368599997
      },
      "type": "trend",
      "contains": "time"
    },
    "http_reqs": {
      "type": "counter",
      "contains": "default",
      "values": {
        "count": 49,
        "rate": 1.3143711746443092
      }
    },
    "http_req_connecting": {
      "type": "trend",
      "contains": "time",
      "values": {
        "p(90)": 0.2393024,
        "p(95)": 0.39416679999999943,
        "avg": 0.06433079591836735,
        "min": 0,
        "med": 0,
        "max": 0.599315
      }
    },
    "http_req_blocked": {
      "type": "trend",
      "contains": "time",
      "values": {
        "min": 0.00487,
        "med": 0.009602,
        "max": 0.712563,
        "p(90)": 0.5198440000000002,
        "p(95)": 0.6169063999999999,
        "avg": 0.10993900000000002
      }
    },
    "errors": {
      "contains": "default",
      "values": {
        "rate": 1,
        "passes": 43,
        "fails": 0
      },
      "thresholds": {
        "rate<0.1": {
          "ok": false
        }
      },
      "type": "rate"
    },
    "http_req_duration{expected_response:true}": {
      "type": "trend",
      "contains": "time",
      "values": {
        "avg": 6883.6661563061225,
        "min": 890.193448,
        "med": 7575.339252,
        "max": 8451.480049,
        "p(90)": 8054.3316438,
        "p(95)": 8284.393903999999
      }
    },
    "http_req_tls_handshaking": {
      "type": "trend",
      "contains": "time",
      "values": {
        "p(90)": 0,
        "p(95)": 0,
        "avg": 0,
        "min": 0,
        "med": 0,
        "max": 0
      }
    },
    "iterations": {
      "values": {
        "count": 43,
        "rate": 1.1534277655041896
      },
      "type": "counter",
      "contains": "default"
    },
    "checks": {
      "type": "rate",
      "contains": "default",
      "values": {
        "rate": 0.7584269662921348,
        "passes": 135,
        "fails": 43
      }
    },
    "vus": {
      "type": "gauge",
      "contains": "default",
      "values": {
        "value": 2,
        "min": 2,
        "max": 10
      }
    },
    "vus_max": {
      "values": {
        "value": 10,
        "min": 10,
        "max": 10
      },
      "type": "gauge",
      "contains": "default"
    }
  },
  "root_group": {
    "name": "",
    "path": "",
    "id": "d41d8cd98f00b204e9800998ecf8427e",
    "groups": [],
    "checks": [
        {
          "passes": 43,
          "fails": 0,
          "name": "status is 200",
          "path": "::status is 200",
          "id": "6210a8cd14cd70477eba5c5e4cb3fb5f"
        },
        {
          "fails": 43,
          "name": "response time < 300ms",
          "path": "::response time < 300ms",
          "id": "d18c911000d8e6f15f1c48ec248b01c3",
          "passes": 0
        },
        {
          "path": "::response has forecasts",
          "id": "c22695652ec1f86db2805d1b6f9bef2e",
          "passes": 43,
          "fails": 0,
          "name": "response has forecasts"
        },
        {
          "name": "MAE is reasonable",
          "path": "::MAE is reasonable",
          "id": "337548ecc2ca0982960f40e91d63a58d",
          "passes": 43,
          "fails": 0
        },
        {
          "passes": 4,
          "fails": 0,
          "name": "metrics status is 200",
          "path": "::metrics status is 200",
          "id": "4af0c7a16c6708a278aaac3ece6d9087"
        },
        {
          "path": "::cost analysis status is 200",
          "id": "e83f5d73e9a953b4ca4a8bff62b76aa5",
          "passes": 2,
          "fails": 0,
          "name": "cost analysis status is 200"
        }
      ]
  },
  "options": {
    "summaryTimeUnit": "",
    "noColor": false,
    "summaryTrendStats": [
      "avg",
      "min",
      "med",
      "max",
      "p(90)",
      "p(95)"
    ]
  },
  "state": {
    "isStdOutTTY": true,
    "isStdErrTTY": true,
    "testRunDurationMs": 37280.184582
  }
}